symbol,sector
20MICRONS,Metal
21STCENMGM,Bank
360ONE,Bank
3BBLACKBIO,Unmapped
3IINFOLTD,IT
3MINDIA,Infrastructure
3PLAND,Unmapped
5PAISA,Bank
63MOONS,IT
A2ZINFRA,Infrastructure
AAATECH,IT
AADHARHFC,Bank
AAKASH,Energy
AARNAV,Unmapped
AARON,Infrastructure
AARTIDRUGS,Pharma
AARTIIND,Metal
AARTIPHARM,Pharma
AARTISURF,Metal
AARVI,Infrastructure
AASTHA,Auto
AAVAS,Bank
ABB,Infrastructure
ABBOTINDIA,Pharma
ABCAPITAL,Bank
ABCOTS,Auto
ABDL,FMCG
ABFRL,Auto
ABINFRA,Infrastructure
ABLBL,Auto
ABMINTLLTD,Metal
ABMKNO,Unmapped
ABREL,Realty
ABSLAMC,Bank
ACC,Metal
ACCELYA,IT
ACE,Infrastructure
ACEINTEG,Infrastructure
ACI,Metal
ACL,Metal
ACMESOLAR,Energy
ACSTECH,Unmapped
ACUTAAS,Metal
ADANIENSOL,Energy
ADANIENT,Energy
ADANIGREEN,Energy
ADANIPORTS,Infrastructure
ADANIPOWER,Energy
ADFFOODS,FMCG
ADL,Auto
ADOR,Infrastructure
ADROITINFO,IT
ADSL,IT
ADVAIT,Infrastructure
ADVANCE,Metal
ADVANIHOTR,Auto
ADVENTHTL,Auto
ADVENZYMES,Metal
AEGISLOG,Energy
AEGISVOPAK,Energy
AEPL,Infrastructure
AEQUS,Infrastructure
AEROENTER,Metal
AEROFLEX,Infrastructure
AERONEU,Auto
AEROPLANE,FMCG
AETHER,Metal
AFCONS,Infrastructure
AFFLE,Media
AFIL,Bank
AFSL,Bank
AGARIND,Metal
AGARWALEYE,Pharma
AGI,Auto
AGIIL,Realty
AGL,Infrastructure
AGROPHOS,Metal
AHCL,Pharma
AHLADA,Infrastructure
AHLEAST,Auto
AHLUCONT,Infrastructure
AIAENG,Infrastructure
AIIL,Bank
AIRAN,IT
AIROLAM,Auto
AJANTPHARM,Pharma
AJAXENGG,Infrastructure
AJMERA,Realty
AJOONI,FMCG
AKASH,Infrastructure
AKCAPIT,Unmapped
AKG,Infrastructure
AKI,Auto
AKSHAR,Auto
AKUMS,Pharma
ALANKIT,IT
ALBERTDAVD,Pharma
ALEMBICLTD,Realty
ALGOQUANT,Bank
ALICON,Infrastructure
ALIVUS,Pharma
ALKEM,Pharma
ALKYLAMINE,Metal
ALLCARGO,Infrastructure
ALLDIGI,Infrastructure
ALLTIME,FMCG
ALMONDZ,Bank
ALOKINDS,Auto
ALPA,Pharma
ALPHAGEO,Energy
AMAGI,IT
AMBALALSA,Pharma
AMBER,Auto
AMBICAAGAR,FMCG
AMBIKCO,Auto
AMBUJACEM,Metal
AMDIND,Auto
AMJLAND,Realty
AMNPLST,Metal
AMRUTANJAN,Pharma
ANANDRATHI,Bank
ANANTRAJ,Realty
ANDHRAPAP,Metal
ANDHRSUGAR,Metal
ANGELONE,Bank
ANMOL,Energy
ANTELOPUS,Energy
ANTGRAPHIC,Auto
ANTHEM,Pharma
ANUHPHR,Pharma
ANUP,Infrastructure
ANURAS,Metal
APARINDS,Infrastructure
APCL,Metal
APCOTEXIND,Metal
APEX,FMCG
APLAPOLLO,Metal
APLLTD,Pharma
APOLLO,Infrastructure
APOLLOHOSP,Pharma
APOLLOPIPE,Infrastructure
APOLLOTYRE,Auto
APOLSINHOT,Infrastructure
APTUS,Bank
AQYLON,Media
ARCHIDPLY,Metal
ARCHIES,Auto
ARE&M,Infrastructure
ARENTERP,Metal
ARFIN,Metal
ARIES,Metal
ARIHANT,Realty
ARIHANTCAP,Bank
ARIHANTSUP,Realty
ARIS,Infrastructure
ARKADE,Realty
ARMANFIN,Bank
AROGRANITE,Infrastructure
ARSSBL,Bank
ARTEMISMED,Unmapped
ARTNIRMAN,Realty
ARVEE,Metal
ARVIND,Auto
ARVINDFASN,Auto
ARVSMART,Realty
ASAHIINDIA,Auto
ASAHISONG,Metal
ASAL,Auto
ASALCBR,FMCG
ASHAPURMIN,Metal
ASHIANA,Realty
ASHIKA,Unmapped
ASHIMASYN,Realty
ASHOKA,Infrastructure
ASHOKAMET,Metal
ASHOKLEY,Infrastructure
ASIANENE,Energy
ASIANHOTNR,Auto
ASIANPAINT,Metal
ASIANTILES,Infrastructure
ASKAUTOLTD,Auto
ASPINWALL,FMCG
ASTAR,Unmapped
ASTEC,Metal
ASTERDM,Pharma
ASTRAL,Infrastructure
ASTRAMICRO,IT
ASTRAZEN,Pharma
ATALREAL,Infrastructure
ATAM,Infrastructure
ATGL,Energy
ATHERENERG,Auto
ATL,Infrastructure
ATLANTAA,Infrastructure
ATLANTAELE,Infrastructure
ATLASCYCLE,Auto
ATUL,Metal
ATULAUTO,Auto
AUBANK,Bank
AURIONPRO,IT
AUROPHARMA,Pharma
AURUM,Realty
AURUS,Auto
AUTOAXLES,Auto
AVALON,IT
AVANTEL,IT
AVANTIFEED,FMCG
AVL,Auto
AVONMORE,Bank
AVROIND,Auto
AVTNPL,Metal
AWFIS,Infrastructure
AWHCL,Infrastructure
AWL,FMCG
AXISBANK,Bank
AXISCADES,Infrastructure
AXITA,Auto
AYE,Bank
AYMSYNTEX,Auto
AZAD,Infrastructure
BAGFILMS,Media
BAIDFIN,Bank
BAJAJ-AUTO,Auto
BAJAJCON,FMCG
BAJAJELEC,Auto
BAJAJFINSV,Bank
BAJAJHCARE,Pharma
BAJAJHFL,Bank
BAJAJHIND,Sugar
BAJAJHLDNG,Bank
BAJAJINDEF,Infrastructure
BAJAJST,Unmapped
BAJEL,Energy
BAJFINANCE,Bank
BALAJEE,Auto
BALAJITELE,Media
BALAMINES,Metal
BALKRISHNA,Auto
BALKRISIND,Auto
BALMLAWRIE,Infrastructure
BALPHARMA,Pharma
BALRAMCHIN,Sugar
BALUFORGE,Infrastructure
BANARBEADS,Auto
BANARISUG,FMCG
BANCOINDIA,Auto
BANDHANBNK,Bank
BANG,Auto
BANKBARODA,PSU Bank
BANKINDIA,Bank
BANSALWIRE,Metal
BANSWRAS,Auto
BASF,Metal
BATAINDIA,Auto
BATLIBOI,Infrastructure
BAYERCROP,Metal
BBL,Infrastructure
BBOX,IT
BBTC,FMCG
BBTCL,Auto
BCG,Media
BCLIND,FMCG
BCONCEPTS,Auto
BCPL,Infrastructure
BDL,Infrastructure
BEARDSELL,Infrastructure
BECTORFOOD,FMCG
BEDMUTHA,Metal
BEEKAY,Unmapped
BEL,Infrastructure
BELLACASA,Auto
BELRISE,Auto
BEML,Infrastructure
BENGALASM,Unmapped
BEPL,Metal
BERGEPAINT,Metal
BESTAGRO,Metal
BETA,Pharma
BFINVEST,Bank
BFUTILITIE,Infrastructure
BHAGCHEM,Metal
BHARATCOAL,Metal
BHARATFORG,Auto
BHARATRAS,Metal
BHARATSE,Auto
BHARATWIRE,Metal
BHARTIARTL,Media
BHARTIHEXA,Media
BHEL,Infrastructure
BI,Unmapped
BIGBLOC,Infrastructure
BIKAJI,FMCG
BIL,Auto
BIMETAL,Auto
BIOCON,Pharma
BIOFILCHEM,Pharma
BIRLACORPN,Metal
BIRLAMONEY,Bank
BIRLANU,Infrastructure
BIRLAPREC,Unmapped
BLACKBUCK,IT
BLAL,Bank
BLBLIMITED,Bank
BLIL,Unmapped
BLKASHYAP,Infrastructure
BLS,Infrastructure
BLSE,Infrastructure
BLUEDART,Infrastructure
BLUEJET,Pharma
BLUESTARCO,Infrastructure
BLUESTONE,Auto
BLUSPRING,Infrastructure
BMWVENTLTD,Metal
BNALTD,Unmapped
BOHRAIND,Metal
BOMDYEING,Auto
BONLON,Metal
BORANA,Auto
BOROLTD,Auto
BORORENEW,IT
BOROSCI,Auto
BOSCH-HCIL,Auto
BOSCHLTD,Auto
BPCL,Energy
BPL,IT
BRIGADE,Realty
BRIGHOTEL,Auto
BRITANNIA,FMCG
BRNL,Infrastructure
BSE,Bank
BSL,Auto
BSOFT,IT
BTML,Media
BUILDPRO,Auto
BUTTERFLY,Auto
BVCL,Metal
CAMLINFINE,Metal
CAMPUS,Auto
CAMS,IT
CANBK,PSU Bank
CANFINHOME,Bank
CANHLIFE,Bank
CANTABIL,Auto
CAPACITE,Infrastructure
CAPILLARY,IT
CAPITALSFB,Bank
CAPLIPOINT,Pharma
CAPTRUST,Bank
CARBORUNIV,Infrastructure
CARERATING,Bank
CARRARO,Auto
CARTRADE,Auto
CARYSIL,Auto
CASTROLIND,Energy
CCAVENUE,IT
CCCL,Infrastructure
CCHHL,Auto
CCL,FMCG
CDSL,Bank
CEATLTD,Auto
CEIGALL,Infrastructure
CEINSYS,Infrastructure
CELEBRITY,Auto
CELLO,Auto
CEMPRO,Infrastructure
CENTENKA,Auto
CENTEXT,Metal
CENTRALBK,PSU Bank
CENTRUM,Bank
CENTUM,IT
CENTURYPLY,Metal
CERA,Infrastructure
CESC,Energy
CEWATER,Energy
CGCL,Bank
CGPOWER,Infrastructure
CHALET,Auto
CHAMBLFERT,Metal
CHEMPLASTS,Metal
CHENNPETRO,Energy
CHEVIOT,Auto
CHOICEIN,Bank
CHOLAFIN,Bank
CHOLAHLDNG,Bank
CIEINDIA,Auto
CIFL,Bank
CINELINE,Media
CINEVISTA,Media
CIPLA,Pharma
CLEAN,Metal
CLEANMAX,Energy
CLSEL,FMCG
CMPDI,Metal
CMRGREEN,Metal
CMSINFO,Infrastructure
CNL,IT
COALINDIA,Energy
COASTCORP,FMCG
COCHINSHIP,Infrastructure
COCKERILL,Infrastructure
COFORGE,IT
COHANCE,Pharma
COLPAL,FMCG
COMFINTE,Unmapped
COMPUSOFT,FMCG
COMSYN,Auto
CONCOR,Infrastructure
CONCORDBIO,Pharma
CONFIPET,Energy
CONSOFINVT,Bank
CONTROLPR,Infrastructure
CORALFINAC,Realty
CORDELIA,Infrastructure
COROMANDEL,Metal
CORONA,Pharma
COSMOFIRST,Auto
COUNCODOS,Realty
CPEDU,FMCG
CPPLUS,Infrastructure
CRAFTSMAN,Auto
CRAMC,Bank
CREATIVEYE,Media
CREDITACC,Bank
CREST,Bank
CRISIL,Bank
CRIZAC,FMCG
CROMPTON,Auto
CROWN,Infrastructure
CSBBANK,Bank
CSLFINANCE,Bank
CSM,IT
CTE,IT
CUB,Bank
CUBEXTUB,Metal
CUMMINSIND,Infrastructure
CUPID,FMCG
CURAA,IT
CYIENT,Infrastructure
CYIENTDLM,Infrastructure
DABUR,FMCG
DALBHARAT,Metal
DALMIASUG,Sugar
DAMCAPITAL,Bank
DANGEE,Auto
DATAMATICS,IT
DATAPATTNS,Infrastructure
DAVANGERE,FMCG
DBCORP,Media
DBL,Infrastructure
DBOL,FMCG
DCAL,Pharma
DCBBANK,Bank
DCI,IT
DCMSHRIRAM,Infrastructure
DCMSRIND,FMCG
DCW,Metal
DCXINDIA,Infrastructure
DDEVPLSTIK,Metal
DECCANCE,Metal
DECNGOLD,Unmapped
DEEPAKFERT,Metal
DEEPAKNTR,Metal
DEEPINDS,Energy
DELHIVERY,Infrastructure
DELTACORP,Auto
DELTAMAGNT,Auto
DEN,Media
DENORA,Infrastructure
DENTA,Infrastructure
DEVIT,IT
DEVX,Realty
DEVYANI,Auto
DGCONTENT,Media
DHAMPURSUG,Sugar
DHANBANK,Bank
DHANUKA,Metal
DHARMAJ,Metal
DHUNINV,Bank
DIACABS,Infrastructure
DIAMINESQ,Metal
DIAMONDYD,FMCG
DICIND,Metal
DIFFNKG,Infrastructure
DIGIDRIVE,Auto
DIGITIDE,Infrastructure
DIGJAMLMTD,Auto
DISAQ,Unmapped
DIVGIITTS,Auto
DIVISLAB,Pharma
DIXON,IT
DJML,Infrastructure
DLF,Realty
DLINKINDIA,IT
DMART,FMCG
DMCC,Metal
DNAMEDIA,Media
DODLA,FMCG
DOLATALGO,Bank
DOLLAR,Auto
DOLPHIN,Energy
DOMS,Infrastructure
DONEAR,Auto
DPABHUSHAN,Auto
DRAGARWQ,Unmapped
DRCSYSTEMS,IT
DREAMFOLKS,Infrastructure
DREDGECORP,Infrastructure
DRREDDY,Pharma
DSSL,IT
DTIL,FMCG
DUCON,Infrastructure
DVL,Bank
DWARKESH,Sugar
DYCL,Infrastructure
DYNAMATECH,Auto
DYNPRO,Metal
E2E,IT
EASEMYTRIP,Auto
EBGNG,IT
ECLERX,IT
EDELWEISS,Bank
EFCIL,Realty
EICHERMOT,Auto
EIDPARRY,Metal
EIEL,Infrastructure
EIHAHOTELS,Auto
EIHOTEL,Auto
EIMCOELECO,Infrastructure
EKC,Infrastructure
ELANTAS,Metal
ELCIDIN,Unmapped
ELDEHSG,Realty
ELECON,Infrastructure
ELECTCAST,Infrastructure
ELECTHERM,Metal
ELGIEQUIP,Infrastructure
ELGIRUBCO,Auto
ELIN,Infrastructure
ELITECON,Unmapped
ELLEN,Metal
ELPROINTL,Unmapped
EMAMILTD,FMCG
EMAMIPAP,Metal
EMBDL,Realty
EMCURE,Pharma
EMIL,Auto
EMKAY,Bank
EMMVEE,IT
EMSLIMITED,Infrastructure
EMUDHRA,IT
ENDURANCE,Auto
ENERGYDEV,Energy
ENGINERSIN,Infrastructure
ENIL,Media
ENRIN,Energy
ENTERO,Pharma
EPACK,Auto
EPACKPEB,Infrastructure
EPIGRAL,Metal
EPL,Auto
EQUITASBNK,Bank
ERIS,Pharma
ESABINDIA,Infrastructure
ESAFSFB,Bank
ESCORTS,Infrastructure
ESSARSHPNG,Infrastructure
ESTER,Metal
ETERNAL,Auto
ETHOSLTD,Auto
EUREKAFORB,Auto
EUROBOND,Infrastructure
EUROPRATIK,Metal
EVEREADY,Infrastructure
EXCELINDUS,Metal
EXCELSOFT,IT
EXICOM,Infrastructure
EXIDEIND,Auto
EXPLEOSOL,IT
EXXARO,Infrastructure
FABTECH,Pharma
FACT,Metal
FAZE3Q,Auto
FCL,Metal
FDC,Pharma
FEDDERSHOL,Unmapped
FEDERALBNK,Bank
FEDFINA,Bank
FERMENTA,Unmapped
FIBERWEB,Auto
FIEMIND,Auto
FILATEX,Auto
FINCABLES,Infrastructure
FINEORG,Metal
FINKURVE,Bank
FINOPB,Bank
FINPIPE,Infrastructure
FIRSTCRY,Auto
FISCHER,Pharma
FIVESTAR,Bank
FLAIR,Infrastructure
FLUOROCHEM,Metal
FMGOETZE,Auto
FOODSIN,FMCG
FORCEMOT,Auto
FORTIS,Pharma
FOSECOIND,Metal
FRACTAL,IT
FRONTSP,Unmapped
FSL,IT
FUSION,Bank
GABRIEL,Auto
GAEL,FMCG
GAIL,Energy
GALAPREC,Infrastructure
GALAXYSURF,Metal
GALLANTT,Metal
GANDHAR,Energy
GANDHITUBE,Infrastructure
GANECOS,Auto
GANESHBE,Metal
GANESHCP,FMCG
GANESHHOU,Realty
GANGESSECU,FMCG
GARFIBRES,Auto
GARUDA,Infrastructure
GATECH,Bank
GATECHDVR,Bank
GATEWAY,Infrastructure
GAYAHWS,Infrastructure
GCSL,Bank
GEEKAYWIRE,Infrastructure
GEMAROMA,Metal
GENCON,Infrastructure
GENESYS,IT
GENUSPAPER,Metal
GENUSPOWER,Infrastructure
GEOJITFSL,Bank
GESHIP,Infrastructure
GFLLIMITED,Bank
GHCL,Metal
GHCLTEXTIL,Auto
GICHSGFIN,Bank
GICL,Infrastructure
GICRE,Bank
GILLANDERS,FMCG
GILLETTE,FMCG
GIPCL,Energy
GKENERGY,Energy
GKSL,Pharma
GKWLIMITED,Infrastructure
GLAND,Pharma
GLAXO,Pharma
GLENMARK,Pharma
GLOBAL,FMCG
GLOBALVECT,Infrastructure
GLOBE,Auto
GLOBUSSPR,FMCG
GLOSTERLTD,Auto
GMBREW,FMCG
GMDCLTD,Energy
GMMPFAUDLR,Infrastructure
GMRAIRPORT,Infrastructure
GMRP&UI,Energy
GNA,Auto
GNFC,Metal
GNRL,Unmapped
GOACARBON,Metal
GOCLCORP,Metal
GOCOLORS,Auto
GODAVARIB,Metal
GODFRYPHLP,FMCG
GODIGIT,Bank
GODREJAGRO,FMCG
GODREJCP,FMCG
GODREJIND,Infrastructure
GODREJPROP,Realty
GOKEX,Auto
GOKUL,FMCG
GOKULAGRO,FMCG
GOLDIAM,Auto
GOODLUCK,Metal
GOODYEAR,Auto
GOPAL,FMCG
GOYALALUM,Metal
GPIL,Metal
GPPL,Infrastructure
GPTHEALTH,Pharma
GPTINFRA,Infrastructure
GRANDOAK,Unmapped
GRANULES,Pharma
GRAPHITE,Infrastructure
GRASIM,Metal
GRAUWEIL,Metal
GRAVISSHO,Unmapped
GRAVITA,Infrastructure
GREAVESCOT,Infrastructure
GREENLAM,Auto
GREENPANEL,Metal
GREENPLY,Metal
GREENPOWER,Energy
GRINDWELL,Infrastructure
GRINFRA,Infrastructure
GRMOVER,FMCG
GROBTEA,FMCG
GROWW,Bank
GRPLTD,Auto
GRSE,Infrastructure
GRWRHITECH,Metal
GSFC,Metal
GSLSU,Metal
GSPCROP,Metal
GSS,IT
GTL,Media
GTLINFRA,IT
GTPL,Media
GUFICBIO,Pharma
GUJALKALI,Metal
GUJAPOLLO,Infrastructure
GUJENERGY,Energy
GUJRAFFIA,Unmapped
GUJTHEM,Pharma
GULFOILLUB,Metal
GULPOLY,Metal
GVPIL,Infrastructure
GVPTECH,IT
GVT&D,Infrastructure
GYFTR,Infrastructure
HAL,Infrastructure
HALDER,FMCG
HALEOSLABS,Pharma
HAPPSTMNDS,IT
HAPPYFORGE,Infrastructure
HARDWYN,Infrastructure
HARIOMPIPE,Metal
HARRMALAYA,FMCG
HARSHA,Infrastructure
HATHWAY,Media
HATSUN,FMCG
HAVELLS,Infrastructure
HAVISHA,Auto
HAWKINCOOK,Auto
HBESD,Unmapped
HBLENGINE,Infrastructure
HCC,Infrastructure
HCG,Pharma
HCL-INSYS,IT
HCLTECH,IT
HDBFS,Bank
HDFCAMC,Bank
HDFCBANK,Bank
HDFCLIFE,Bank
HEADSUP,Auto
HEALTHX,Pharma
HECPROJECT,Infrastructure
HEG,Infrastructure
HEIDELBERG,Metal
HEMIPROP,Realty
HERANBA,Metal
HERITGFOOD,FMCG
HEROMOTOCO,Auto
HESTERBIO,Pharma
HEXATRADEX,Bank
HEXT,IT
HFCL,IT
HGINFRA,Infrastructure
HGM,IT
HGS,Infrastructure
HIKAL,Pharma
HIMATSEIDE,Auto
HINDALCO,Metal
HINDCOMPOS,Auto
HINDCOPPER,Metal
HINDOILEXP,Energy
HINDPETRO,Energy
HINDUNILVR,FMCG
HINDWAREAP,Auto
HINDZINC,Metal
HIRECT,Infrastructure
HISARMETAL,Metal
HITECH,Metal
HLEGLAS,Infrastructure
HLVLTD,Auto
HMAAGRO,FMCG
HMVL,Media
HNDFDS,Infrastructure
HOMEFIRST,Bank
HONASA,FMCG
HONAUT,Infrastructure
HONDAPOWER,Infrastructure
HPAL,Metal
HPIL,Metal
HPL,Infrastructure
HSCL,Metal
HTMEDIA,Media
HUBTOWN,Realty
HUDCO,Bank
HUHTAMAKI,Auto
HYUNDAI,Auto
ICDSLTD,Realty
ICEMAKE,Infrastructure
ICICIAMC,Bank
ICICIBANK,Bank
ICICIGI,Bank
ICICIPRULI,Bank
ICIL,Auto
ICRA,Bank
IDBI,Bank
IDEA,Media
IDFCFIRSTB,Bank
IEX,Bank
IFBIND,Auto
IFCI,Bank
IFGLEXPOR,Metal
IGARASHI,Auto
IGCL,Metal
IGIL,Metal
IGL,Energy
IGPL,Metal
IIFL,Bank
IIFLCAPS,Bank
IITL,Bank
IKIO,IT
IKS,Pharma
IMAGICAA,Media
IMFA,Metal
IMPAL,Auto
INA,IT
INCREDIBLE,Metal
INDBANK,Bank
INDGN,Pharma
INDHOTEL,Auto
INDIACEM,Metal
INDIAGLYCO,Metal
INDIAMART,Media
INDIANB,PSU Bank
INDIANCARD,Auto
INDIANHUME,Infrastructure
INDIASHLTR,Bank
INDIGO,Infrastructure
INDIGOPNTS,Metal
INDIQUBE,Realty
INDNIPPON,Auto
INDOBORAX,Metal
INDOCO,Pharma
INDOFARM,Infrastructure
INDORAMA,Auto
INDOSTAR,Bank
INDOTHAI,Bank
INDOUS,Metal
INDPRUD,Unmapped
INDRAMEDCO,Pharma
INDSWFTLAB,Pharma
INDTERRAIN,Auto
INDUSINDBK,Bank
INDUSTOWER,Media
INFOBEAN,IT
INFOMEDIA,Bank
INFY,IT
INGERRAND,Infrastructure
INNOVACAP,Pharma
INNOVANA,IT
INNOVISION,Infrastructure
INOXGREEN,Energy
INOXINDIA,Infrastructure
INOXWIND,Infrastructure
INSECTICID,Metal
INTELLECT,IT
INTENTECH,IT
INTERARCH,Infrastructure
INTLCONV,Infrastructure
INVENTURE,Bank
INVPRECQ,Unmapped
IOB,PSU Bank
IOC,Energy
IOLCP,Pharma
IONEXCHANG,Infrastructure
IPCALAB,Pharma
IPL,Metal
IRB,Infrastructure
IRCON,Infrastructure
IRCTC,Auto
IREDA,Bank
IRFC,Bank
IRIS,IT
IRISDOREME,Auto
IRMENERGY,Energy
ISFT,Auto
ISGEC,Infrastructure
ISHANCH,Metal
ITC,FMCG
ITCHOTELS,Auto
ITDC,Auto
ITI,IT
IVALUE,IT
IVC,Bank
IWP,Unmapped
IXIGO,Auto
IZMO,IT
J&KBANK,Bank
JAGRAN,Media
JAGSNPHARM,Pharma
JAICORPLTD,Metal
JAINREC,Metal
JAIPURKURT,Auto
JAMNAAUTO,Auto
JARO,FMCG
JASH,Infrastructure
JAYAGROGN,Metal
JAYBARMARU,Auto
JAYKAY,Infrastructure
JAYNECOIND,Metal
JAYSREETEA,FMCG
JBMA,Auto
JETFREIGHT,Infrastructure
JGCHEM,Metal
JHS,FMCG
JINDALPHOT,Bank
JINDALPOLY,Auto
JINDALSAW,Metal
JINDALSTEL,Metal
JINDRILL,Energy
JINDWORLD,Auto
JIOFIN,Bank
JISLDVREQS,Infrastructure
JISLJALEQS,Infrastructure
JITFINFRA,Infrastructure
JKCEMENT,Metal
JKIL,Infrastructure
JKLAKSHMI,Metal
JKPAPER,Metal
JKTYRE,Auto
JLHL,Pharma
JMA,Auto
JMFINANCIL,Bank
JNKINDIA,Infrastructure
JPOLYINVST,Bank
JPPOWER,Energy
JSFB,Bank
JSL,Metal
JSLL,Pharma
JSWCEMENT,Metal
JSWDULUX,Unmapped
JSWENERGY,Energy
JSWHL,Bank
JSWINFRA,Infrastructure
JSWSTEEL,Metal
JTEKTINDIA,Auto
JTLIND,Metal
JUBLCPL,Metal
JUBLFOOD,Auto
JUBLINGREA,Metal
JUBLPHARMA,Pharma
JUNIPER,Auto
JUSTDIAL,Media
JWL,Infrastructure
JYOTHYLAB,FMCG
JYOTICNC,Infrastructure
JYOTISTRUC,Infrastructure
KABRAEXTRU,Infrastructure
KAJARIACER,Infrastructure
KALAMANDIR,Auto
KALPATARU,Realty
KALYANIFRG,Auto
KALYANKJIL,Auto
KAMAHOLD,Unmapped
KAMATHOTEL,Auto
KAMOPAINTS,Metal
KANANIIND,Auto
KANPRPLA,Auto
KANSAINER,Metal
KAPSTON,Infrastructure
KARMAENG,Energy
KARURVYSYA,Bank
KAVDEFENCE,IT
KAYA,FMCG
KAYNES,IT
KCP,Metal
KCPSUGIND,FMCG
KDDL,Auto
KEC,Infrastructure
KEEPLEARN,FMCG
KEI,Infrastructure
KELLTONTEC,IT
KENNAMET,Infrastructure
KERNEX,IT
KEYFINSERV,Bank
KFINTECH,IT
KHANDSE,Bank
KICL,Bank
KIMS,Pharma
KINGFA,Metal
KIOCL,Metal
KIRANVYPAR,Unmapped
KIRIINDUS,Metal
KIRLFER,Infrastructure
KIRLOSBROS,Infrastructure
KIRLOSENG,Infrastructure
KIRLOSIND,Infrastructure
KIRLPNU,Infrastructure
KISSHT,Bank
KITEX,Auto
KKCL,Auto
KLBRENG-B,Unmapped
KMEW,Infrastructure
KMSUGAR,Sugar
KNACK,Auto
KNAGRI,FMCG
KNRCON,Infrastructure
KOHINOOR,FMCG
KOKUYOCMLN,Infrastructure
KOLTEPATIL,Realty
KOTAKBANK,Bank
KOTARISUG,FMCG
KOTHARIPET,Metal
KOTHARIPRO,Infrastructure
KOTIC,Unmapped
KOVAI,Pharma
KPEL,Infrastructure
KPIGREEN,Energy
KPIL,Infrastructure
KPITTECH,IT
KPL,Unmapped
KPRMILL,Auto
KRBL,FMCG
KREBSBIO,Pharma
KRISHANA,Metal
KRISHIVAL,FMCG
KRISHNADEF,Infrastructure
KRITIKA,Metal
KRONOX,Metal
KROSS,Auto
KRSNAA,Pharma
KRYSTAL,Infrastructure
KSB,Infrastructure
KSCL,Metal
KSHINTL,Infrastructure
KSL,Metal
KSOLVES,IT
KSR,Auto
KTKBANK,Bank
KUANTUM,Metal
KUSUMGAR,Auto
KWIL,FMCG
LAGNAM,Auto
LAHOTIOV,Unmapped
LAL,Auto
LALPATHLAB,Pharma
LAMBODHARA,Auto
LANCORHOL,Realty
LANDMARK,Auto
LANDSMILL,Infrastructure
LAOPALA,Auto
LASA,Pharma
LASERPOWER,Infrastructure
LATENTVIEW,Infrastructure
LAURUSLABS,Pharma
LAXMICOT,Auto
LAXMIDENTL,Pharma
LCCINFOTEC,FMCG
LEMERITE,Auto
LEMONTREE,Auto
LENSKART,Pharma
LEXUS,Infrastructure
LFIC,Bank
LGBBROSLTD,Auto
LGEINDIA,IT
LGHL,Auto
LIBAS,Auto
LIBERTSHOE,Auto
LICHSGFIN,Bank
LICI,Bank
LIKHITHA,Energy
LINC,Infrastructure
LINCOLN,Pharma
LINDEINDIA,Metal
LLOYDSENGG,Infrastructure
LLOYDSENT,Metal
LLOYDSME,Metal
LMW,Infrastructure
LODHA,Realty
LORDSCHLO,Metal
LOTUSDEV,Infrastructure
LOTUSEYE,Pharma
LOVABLE,Auto
LOYALTEX,Auto
LPDC,Realty
LT,Infrastructure
LTF,Bank
LTFOODS,FMCG
LTM,IT
LTTS,IT
LUMAXIND,Auto
LUMAXTECH,Auto
LUPIN,Pharma
LUXIND,Auto
LXCHEM,Metal
M&M,Auto
M&MFIN,Bank
MAANALU,Metal
MACPOWER,Infrastructure
MADHAV,Infrastructure
MADHAVIPL,Unmapped
MADRASFERT,Metal
MAFATIND,Unmapped
MAGADSUGAR,Sugar
MAGNUM,Metal
MAHABANK,PSU Bank
MAHAPEXLTD,Bank
MAHASTEEL,Metal
MAHEPC,Infrastructure
MAHLIFE,Realty
MAHLOG,Infrastructure
MAHSCOOTER,Bank
MAHSEAMLES,Metal
MAITHANALL,Metal
MAJESAUT,Realty
MALLCOM,Infrastructure
MALUPAPER,Metal
MAMATA,Infrastructure
MANAKALUCO,Metal
MANAKCOAT,Infrastructure
MANAKSIA,Infrastructure
MANALIPETC,Metal
MANAPPURAM,Bank
MANBA,Bank
MANCREDIT,Bank
MANGALAM,Pharma
MANGLMCEM,Metal
MANINDS,Metal
MANINFRA,Infrastructure
MANKIND,Pharma
MANOMAY,Auto
MANORAMA,FMCG
MANYAVAR,Auto
MAPMYINDIA,IT
MARATHON,Realty
MARICO,FMCG
MARINE,Infrastructure
MARKOLINES,Infrastructure
MARKSANS,Pharma
MARSONS,Infrastructure
MARUTI,Auto
MASFIN,Bank
MASTEK,IT
MASTERTR,Bank
MATRIMONY,Media
MAXESTATES,Realty
MAXHEALTH,Pharma
MAXIND,Pharma
MAYURUNIQ,Auto
MAZDOCK,Infrastructure
MBAPL,Metal
MBEL,Infrastructure
MCCHRLS-B,Unmapped
MCL,Metal
MCLOUD,IT
MCX,Bank
MEDANTA,Pharma
MEDIASSIST,Pharma
MEDICAMEQ,Pharma
MEDICO,Pharma
MEDPLUS,Pharma
MEESHO,Auto
MEGASTAR,FMCG
MENNPIS,Unmapped
MERCANTILE,Unmapped
METROBRAND,Auto
METROGLOBL,Infrastructure
METROPOLIS,Pharma
MFML,Auto
MFSL,Bank
MGL,Energy
MHLXMIRU,Auto
MHRIL,Auto
MIDHANI,Metal
MIDWESTLTD,Metal
MINDACORP,Auto
MINDTECK,IT
MIRZAINT,Auto
MITTAL,Auto
MKPL,FMCG
MMFL,Infrastructure
MMP,Metal
MMTC,Infrastructure
MOBIKWIK,IT
MODIRUBBER,Realty
MODIS,Realty
MODTHREAD,Auto
MOHITIND,Auto
MOIL,Metal
MOKSH,Auto
MOL,Metal
MOLDTECH,Infrastructure
MOLDTKPAC,Auto
MONARCH,Bank
MONEYBOXX,Bank
MONTECARLO,Auto
MOREPENLAB,Pharma
MOSCHIP,IT
MOTHERSON,Auto
MOTILALOFS,Bank
MOTISONS,Auto
MPHASIS,IT
MPSLTD,Media
MRF,Auto
MRPL,Energy
MSPL,Metal
MSTCLTD,Infrastructure
MSUMI,Auto
MTNL,Media
MUFIN,Bank
MUFTI,Auto
MUKANDLTD,Metal
MUKKA,FMCG
MUNJALAU,Auto
MUNJALSHOW,Auto
MURUDCERA,Infrastructure
MUTHOOTCAP,Bank
MUTHOOTFIN,Bank
MUTHOOTMF,Bank
MVGJL,Auto
MWL,Metal
NACLIND,Metal
NAGREEKEXP,Auto
NAHARCAP,Bank
NAHARINDUS,Auto
NAHARPOLY,Auto
NAM-INDIA,Bank
NARMADA,Metal
NATCAPSUQ,Pharma
NATCOPHARM,Pharma
NATHBIOGEN,Metal
NATIONALUM,Metal
NATIONSTD,Unmapped
NAUKRI,Media
NAVA,Infrastructure
NAVINFLUOR,Metal
NAVKARCORP,Infrastructure
NAVNETEDUL,Media
NAZARA,Media
NBCC,Infrastructure
NBIFIN,Bank
NCC,Infrastructure
NCLIND,Metal
NDGL,Bank
NDL,Auto
NDLVENTURE,Media
NDRAUTO,Auto
NDTV,Media
NEAGI,Unmapped
NELCAST,Infrastructure
NELCO,IT
NEOGEN,Metal
NEPHROPLUS,Pharma
NESCO,Infrastructure
NESTLEIND,FMCG
NETWEB,IT
NETWORK18,Media
NEULANDLAB,Pharma
NEWGEN,IT
NEXTMEDIA,Media
NFL,Metal
NGLFINE,Pharma
NH,Pharma
NHPC,Energy
NIACL,Bank
NIBE,Infrastructure
NIBL,Infrastructure
NIITLTD,FMCG
NIITMTS,FMCG
NILAINFRA,Realty
NILASPACES,Realty
NILE,Unmapped
NILKAMAL,Auto
NIPPOBATRY,Infrastructure
NIRAJISPAT,Auto
NIRLON,Realty
NITCO,Infrastructure
NITINSPIN,Auto
NITIRAJ,IT
NITTAGELA,Metal
NIVABUPA,Bank
NKIND,FMCG
NLCINDIA,Energy
NMDC,Metal
NOCIL,Metal
NORBTEAEXP,FMCG
NORTHARC,Bank
NOVARTIND,Pharma
NPST,IT
NRAIL,Metal
NRBBEARING,Auto
NSIL,Bank
NSLNISP,Metal
NTPC,Energy
NTPCGREEN,Energy
NUCLEUS,IT
NURECA,Pharma
NUVAMA,Bank
NUVOCO,Metal
NYKAA,Auto
OAL,Metal
OBCL,Infrastructure
OBEROIRLTY,Realty
OFSS,IT
OIL,Energy
OLAELEC,Auto
OLECTRA,Infrastructure
OMAXE,Realty
OMINFRAL,Infrastructure
OMNI,Infrastructure
OMPOWER,Infrastructure
ONEPOINT,Infrastructure
ONESOURCE,Pharma
ONGC,Energy
ONWARDTEC,IT
OPTIEMUS,IT
ORCHASP,IT
ORCHPHARMA,Pharma
ORICONENT,Auto
ORIENTALTL,Infrastructure
ORIENTBELL,Infrastructure
ORIENTCEM,Metal
ORIENTCER,Metal
ORIENTELEC,Auto
ORIENTHOT,Auto
ORIENTLTD,Auto
ORIENTPPR,Metal
ORIENTTECH,IT
ORISSAMINE,Metal
ORKLAINDIA,FMCG
OSWALGREEN,Bank
OSWALPUMPS,Infrastructure
OSWALSEEDS,Metal
PACEDIGITK,IT
PAGEIND,Auto
PAISALO,Bank
PAKKA,Metal
PALASHSECU,FMCG
PANACEABIO,Pharma
PANAMAPET,Energy
PANSARI,Realty
PAR,Pharma
PARACABLES,IT
PARADEEP,Metal
PARAGMILK,FMCG
PARAS,Infrastructure
PARASPETRO,Auto
PARKHOSPS,Pharma
PARKHOTELS,Auto
PASHUPATI,Auto
PATANJALI,FMCG
PATELENG,Infrastructure
PATELRMART,Auto
PAUSHAKLTD,Metal
PAVNAIND,Auto
PAYTM,IT
PCBL,Metal
PCJEWELLER,Auto
PDMJEPAPER,Metal
PDSL,Infrastructure
PENIND,Infrastructure
PERSISTENT,IT
PETRONET,Energy
PFC,Bank
PFIZER,Pharma
PFOCUS,Media
PFS,Bank
PGEL,IT
PGHH,FMCG
PGHL,Pharma
PGIL,Auto
PHOENIXLTD,Realty
PICCADIL,FMCG
PIDILITIND,Metal
PIGL,Infrastructure
PIIND,Metal
PILANIINVS,Bank
PINELABS,IT
PIONEEREMB,Auto
PIONRINV,Unmapped
PIRAMALFIN,Bank
PITTIENG,Infrastructure
PIXTRANS,Infrastructure
PKTEA,FMCG
PLASTIBLEN,Metal
PLATIND,Metal
PML,Unmapped
PNB,PSU Bank
PNBGILTS,Bank
PNBHOUSING,Bank
PNC,Media
PNCINFRA,Infrastructure
PNGJL,Auto
PNGSREVA,Auto
POCL,Metal
PODDARMENT,Metal
POKARNA,Infrastructure
POLICYBZR,Bank
POLYCAB,Infrastructure
POLYMED,Pharma
POLYPLEX,Metal
PONNIERODE,FMCG
POONAWALLA,Bank
POWERGRID,Energy
POWERICA,Infrastructure
POWERINDIA,Infrastructure
POWERMECH,Infrastructure
PPLPHARMA,Pharma
PRABHA,Energy
PRAENG,Realty
PRAJIND,Infrastructure
PRAKASH,Metal
PRAKASHSTL,Metal
PRAVEG,Unmapped
PRECAM,Auto
PRECOT,Auto
PRECWIRE,Infrastructure
PREMCO,Unmapped
PREMEXPLN,Metal
PREMIERENE,IT
PREMIERPOL,Metal
PRESTIGE,Realty
PRICOLLTD,Auto
PRIMESECU,Bank
PRIMO,Metal
PRINCEPIPE,Infrastructure
PRIVISCL,Metal
PROSTARM,Infrastructure
PROTEAN,IT
PROZONER,Realty
PRSMJOHNSN,Metal
PRUDENT,Bank
PSB,PSU Bank
PSPPROJECT,Infrastructure
PTC,Energy
PTCIL,Infrastructure
PTL,Realty
PUNJABCHEM,Metal
PURVA,Realty
PVP,Infrastructure
PVRINOX,Media
PVSL,Auto
PWL,FMCG
PYRAMID,Auto
QMSMEDI,Pharma
QUADFUTURE,Infrastructure
QUESS,Infrastructure
QUINT,Unmapped
RACE,Infrastructure
RACLGEAR,Auto
RADAAN,Media
RADHIKAJWE,Auto
RADIANTCMS,Infrastructure
RADICO,FMCG
RADIOCITY,Media
RAILTEL,Media
RAIN,Metal
RAINBOW,Pharma
RAJMET,Metal
RAJPALAYAM,Unmapped
RAJRATAN,Metal
RAJSREESUG,FMCG
RAJTV,Media
RALLIS,Metal
RAMANEWS,FMCG
RAMAPHO,Metal
RAMBHAJO,Auto
RAMCOCEM,Metal
RAMCOIND,Infrastructure
RAMCOSYS,IT
RAMKY,Infrastructure
RAMRAT,Infrastructure
RANASUG,FMCG
RANEHOLDIN,Auto
RATEGAIN,IT
RATNAMANI,Metal
RATNAVEER,Metal
RAYMOND,Infrastructure
RAYMONDLSL,Auto
RAYMONDREL,Realty
RBA,Auto
RBLBANK,Bank
RBZJEWEL,Auto
RCF,Metal
RECLTD,Bank
REDINGTON,IT
REDTAPE,Auto
REFEX,Energy
REGENCERAM,Infrastructure
RELAXO,Auto
RELCHEMQ,Auto
RELIABLE,IT
RELIANCE,Energy
RELIGARE,Bank
RELTD,IT
REMSONSIND,Auto
RENUKA,FMCG
REPCOHOME,Bank
REPRO,Infrastructure
RESPONIND,Metal
RETAIL,FMCG
RGL,Auto
RHETAN,Metal
RHIM,Infrastructure
RHL,Auto
RICOAUTO,Auto
RIIL,Infrastructure
RIR,IT
RISHABH,IT
RITCO,Infrastructure
RITES,Infrastructure
RKDL,FMCG
RKEC,Infrastructure
RKFORGE,Infrastructure
RKSWAMY,Media
RMC,Infrastructure
RMDRIP,Infrastructure
RML,Auto
RNBDENIMS,Auto
ROHLTD,Auto
ROLEXRINGS,Infrastructure
ROML,FMCG
ROSSARI,Metal
ROSSELLIND,Infrastructure
ROSSTECH,Infrastructure
ROTO,Infrastructure
ROUTE,Media
RPEL,Metal
RPGLIFE,Pharma
RPOWER,Energy
RPPINFRA,Infrastructure
RPPL,Auto
RPSGVENT,IT
RPTECH,IT
RRIL,Unmapped
RRKABEL,Infrastructure
RSDFIN,Unmapped
RSL,Metal
RSYSTEMS,IT
RTNINDIA,Auto
RTNPOWER,Energy
RUBFILA,Metal
RUBICON,Pharma
RUCHINFRA,Infrastructure
RUCHIRA,Metal
RUPA,Auto
RUSHIL,Auto
RUSTOMJEE,Realty
RVHL,Realty
RVNL,Infrastructure
RVTH,Infrastructure
S&SPOWER,Infrastructure
SAATVIKGL,IT
SABEVENTS,Media
SADBHAV,Infrastructure
SAFARI,Auto
SAGARDEEP,Metal
SAGCEM,Metal
SAGILITY,Pharma
SAHLIBHFI,Bank
SAHYADRI,Infrastructure
SAIL,Metal
SAILIFE,Pharma
SAIPARENT,Pharma
SAKAR,Pharma
SAKHTISUG,FMCG
SAKSOFT,IT
SALASAR,Metal
SALONA,Auto
SALZERELEC,Infrastructure
SAMBHAAV,Media
SAMBHV,Metal
SAMHI,Auto
SAMMAANCAP,Bank
SAMPANN,Metal
SANATHAN,Auto
SANDESH,Media
SANDHAR,Auto
SANDUMA,Metal
SANGAMIND,Auto
SANGHVIMOV,Infrastructure
SANOFI,Pharma
SANOFICONR,Pharma
SANSERA,Auto
SANSTAR,Metal
SAPPHIRE,Auto
SAPPL,Unmapped
SARDAEN,Metal
SAREGAMA,Media
SARLAPOLY,Auto
SASKEN,IT
SATIA,Metal
SATIN,Bank
SAURASHCEM,Metal
SAYAJIHOTL,Auto
SBC,Infrastructure
SBCL,Infrastructure
SBFC,Bank
SBGLP,Realty
SBICARD,Bank
SBIFUNDS,Bank
SBILIFE,Bank
SBIN,PSU Bank
SCANSTL,Unmapped
SCHAEFFLER,Auto
SCHAND,Media
SCHNEIDER,Infrastructure
SCI,Infrastructure
SCILAL,Realty
SCODATUBES,Metal
SCPL,FMCG
SDBL,FMCG
SEAMECLTD,Infrastructure
SECMARK,Infrastructure
SECURKLOUD,IT
SEDEMAC,Auto
SEIL,Unmapped
SELMC,Auto
SENCO,Auto
SENORES,Pharma
SEPC,Infrastructure
SERVOTECH,Infrastructure
SESHAPAPER,Metal
SETL,Infrastructure
SFL,Auto
SGFIN,Bank
SGIL,Infrastructure
SGL,Auto
SGMART,Infrastructure
SHADOWFAX,Infrastructure
SHAH,Metal
SHAHALLOYS,Metal
SHAILY,Metal
SHAKTIPUMP,Infrastructure
SHALBY,Pharma
SHALPAINTS,Metal
SHANKARA,Auto
SHANTI,FMCG
SHANTIGEAR,Infrastructure
SHANTIGOLD,Auto
SHARDACROP,Metal
SHARDAMOTR,Auto
SHAREINDIA,Bank
SHBAJRG,Unmapped
SHILCTECH,Infrastructure
SHILPAMED,Pharma
SHINDL,Unmapped
SHIVATEX,Auto
SHIVAUM,Metal
SHK,Metal
SHOPERSTOP,Auto
SHRADHA,Realty
SHREDIGCEM,Metal
SHREECEM,Metal
SHREEJISPG,Infrastructure
SHREEPUSHK,Metal
SHREERAMA,Auto
SHREYANIND,Metal
SHRIKRISH,Unmapped
SHRINGARMS,Auto
SHRIPISTON,Auto
SHRIRAMFIN,Bank
SHRIRAMPPS,Realty
SHYAMMETL,Metal
SICAGEN,Metal
SICALLOG,Infrastructure
SIEMENS,Infrastructure
SIGIND,Infrastructure
SIGMA,IT
SIGNATURE,Realty
SIGNPOST,Media
SIKA,Unmapped
SIKKO,Metal
SIL,Auto
SILGO,Auto
SILINV,Bank
SILLYMONKS,Media
SILVERTUC,IT
SIMPLEXINF,Infrastructure
SINCLAIR,Auto
SINDHUTRAD,Infrastructure
SINGERIND,Unmapped
SINTERCOM,Auto
SIRCA,Metal
SIS,Infrastructure
SIYSIL,Auto
SJS,Auto
SJVN,Energy
SKFINDIA,Infrastructure
SKFINDUS,Infrastructure
SKIPPER,Infrastructure
SKMEGGPROD,FMCG
SKYGOLD,Auto
SMARTWORKS,Realty
SMCGLOBAL,Bank
SMLMAH,Auto
SMLT,Infrastructure
SMSPHARMA,Pharma
SNOWMAN,Infrastructure
SOBHA,Realty
SOLARA,Pharma
SOLARINDS,Metal
SOLARWORLD,IT
SOLEX,IT
SOMANYCERA,Infrastructure
SOMATEX,Auto
SOMICONVEY,Infrastructure
SONACOMS,Auto
SONAL,Unmapped
SONAMLTD,Auto
SONATSOFTW,IT
SOTL,Metal
SOUTHBANK,Bank
SOUTHWEST,Energy
SPAL,Auto
SPANDANA,Bank
SPARC,Pharma
SPCENET,Bank
SPECIALITY,Auto
SPECTRUM,Infrastructure
SPENCERS,Auto
SPIC,Metal
SPLIL,Auto
SPLPETRO,Metal
SPMLINFRA,Infrastructure
SPORTKING,Auto
SRD,Metal
SREEL,Auto
SRF,Infrastructure
SRGHFL,Bank
SRHHYPOLTD,Metal
SRM,Infrastructure
SRTL,Auto
SSDL,Auto
SSWL,Auto
STALLION,Metal
STANLEY,Auto
STAR,Pharma
STARCEMENT,Metal
STARHEALTH,Bank
STARPAPER,Metal
STARTECK,Bank
STCINDIA,Infrastructure
STEELCAS,Metal
STEELCITY,Bank
STEELXIND,Metal
STEL,Bank
STOVEKRAFT,Auto
STUDDS,Auto
STYL,IT
STYLAMIND,Auto
STYRENIX,Metal
SUBROS,Auto
SUDARCOLOR,Metal
SUDARSCHEM,Metal
SUDEEPPHRM,Pharma
SUKHJITS,Metal
SULA,FMCG
SUMEETINDS,Auto
SUMICHEM,Metal
SUMMITSEC,Bank
SUNCLAY,Infrastructure
SUNDARAM,Metal
SUNDARMFIN,Bank
SUNDRMFAST,Auto
SUNDROP,FMCG
SUNFLAG,Metal
SUNPHARMA,Pharma
SUNTECK,Realty
SUNTV,Media
SUPERHOUSE,Auto
SUPRAJIT,Auto
SUPREME,Realty
SUPREMEIND,Infrastructure
SUPREMEINF,Infrastructure
SUPRIYA,Pharma
SURAJEST,Realty
SURAJLTD,Metal
SURAKSHA,Pharma
SURANASOL,IT
SURANAT&P,Energy
SURYALA,Unmapped
SURYALAXMI,Auto
SURYAROSNI,Metal
SURYODAY,Bank
SUVEN,Pharma
SUVIDHAA,IT
SUYOG,Media
SUZLON,Infrastructure
SWANCORP,Infrastructure
SWARAJENG,Auto
SWELECTES,IT
SWIGGY,Auto
SWSOLAR,IT
SYMPHONY,Auto
SYNCOMF,Pharma
SYNGENE,Pharma
SYRMA,IT
TAALTECH,Unmapped
TAINWALCHM,Metal
TAJGVK,Auto
TAKE,Pharma
TALBROAUTO,Auto
TANLA,IT
TARACHAND,Infrastructure
TARAPUR,Infrastructure
TARC,Realty
TARIL,Infrastructure
TARMAT,Infrastructure
TARSONS,Pharma
TASTYBITE,FMCG
TATACAP,Bank
TATACHEM,Metal
TATACOMM,Media
TATACONSUM,FMCG
TATAELXSI,IT
TATAINVEST,Bank
TATAPOWER,Energy
TATASTEEL,Metal
TATATECH,IT
TATVA,Metal
TBOTEK,Auto
TBZ,Auto
TCC,Unmapped
TCI,Infrastructure
TCIEXP,Infrastructure
TCPLPACK,Auto
TCS,IT
TDPOWERSYS,Infrastructure
TEAMGTY,Bank
TEAMLEASE,Infrastructure
TECHM,IT
TECHNOE,Infrastructure
TECHNVISN,Unmapped
TECILCHEM,Bank
TEGA,Infrastructure
TEJASNET,IT
TEMBO,Infrastructure
TENNIND,Auto
TERASOFT,IT
TEXINFRA,Realty
TEXMOPIPES,Infrastructure
TEXRAIL,Infrastructure
TFCILTD,Bank
TFL,Bank
TGBHOTELS,Auto
THAKDEV,Unmapped
THANGAMAYL,Auto
THEINVEST,Bank
THEJO,Infrastructure
THELEELA,Auto
THEMISMED,Pharma
THERMAX,Infrastructure
THOMASCOOK,Auto
THOMASCOTT,Auto
THYROCARE,Pharma
TI,FMCG
TICL,Infrastructure
TIIL,Infrastructure
TIINDIA,Infrastructure
TIJARIA,Infrastructure
TIL,Infrastructure
TIMETECHNO,Auto
TIMEX,Auto
TIMKEN,Infrastructure
TINNARUBR,Metal
TIPSFILMS,Media
TIPSMUSIC,Media
TIRUMALCHM,Metal
TIRUPATIFL,Infrastructure
TITAGARH,Infrastructure
TITAN,Auto
TMB,Bank
TMCV,Auto
TMPV,Auto
TNPETRO,Metal
TNPL,Metal
TNTELE,IT
TOLINS,Auto
TORNTPHARM,Pharma
TORNTPOWER,Energy
TOTAL,Infrastructure
TOUCHWOOD,Media
TPHQ,Infrastructure
TPLPLASTEH,Auto
TRACXN,IT
TRANSPEK,Metal
TRANSRAILL,Infrastructure
TRAVELFOOD,Auto
TREEHOUSE,FMCG
TREJHARA,IT
TREL,Realty
TRENT,Auto
TRF,Infrastructure
TRIDENT,Auto
TRIGYN,IT
TRITURBINE,Infrastructure
TRIVENI,Sugar
TRU,Bank
TRUALT,Energy
TSFINV,Bank
TTKHLTCARE,Pharma
TTKPRESTIG,Auto
TTL,Auto
TTML,Media
TURTLEMINT,Bank
TVSELECT,IT
TVSHLTD,Auto
TVSMOTOR,Auto
TVSSCS,Infrastructure
TVSSRICHAK,Auto
TVTODAY,Media
TVVISION,Media
UBL,FMCG
UCAL,Auto
UCOBANK,PSU Bank
UDS,Infrastructure
UEL,IT
UFBL,Auto
UFLEX,Auto
UFO,Media
UGARSUGAR,FMCG
UGROCAP,Bank
UJJIVANSFB,Bank
ULTRACEMCO,Metal
ULTRAMAR,Metal
UMESLTD,FMCG
UMIYA-MRO,Realty
UNICHEMLAB,Pharma
UNIECOM,IT
UNIENTER,Metal
UNIMECH,Infrastructure
UNIONBANK,PSU Bank
UNIPARTS,Infrastructure
UNITDSPR,FMCG
UNITECH,Realty
UNITEDTEA,FMCG
UNIVCABLES,Infrastructure
UNOMINDA,Auto
UPL,Metal
URBANCO,IT
URJA,IT
USHAMART,Metal
USK,Infrastructure
UTIAMC,Bank
UTKARSHBNK,Bank
UTLSOLAR,IT
UTTAMSUGAR,Sugar
UYFINCORP,Bank
V2RETAIL,Auto
VADILALIND,FMCG
VAIBHAVGBL,Auto
VAKRANGEE,IT
VAML,Metal
VARDMNPOLY,Auto
VARROC,Auto
VASWANI,Metal
VBL,FMCG
VCL,Auto
VEDL,Metal
VEDPOWER,Energy
VEEDOL,Metal
VENKEYS,FMCG
VENTIVE,Auto
VENUSPIPES,Metal
VERANDA,FMCG
VESUVIUS,Infrastructure
VGL,Auto
VGUARD,Infrastructure
VHL,Bank
VIDHIING,Metal
VIDYAWIRES,Infrastructure
VIJAYA,Pharma
VIKASECO,Metal
VIKASLIFE,FMCG
VIKRAMSOLR,IT
VIKRAN,Infrastructure
VIMTALABS,Pharma
VINATIORGA,Metal
VINCOFE,FMCG
VINDHYATEL,Infrastructure
VINNY,Auto
VINYLINDIA,Metal
VIPIND,Auto
VIRINCHI,IT
VISAKAIND,Infrastructure
VISHNU,Metal
VISHWARAJ,FMCG
VISL,Metal
VIVIDHA,Auto
VIYASH,Pharma
VLSFINANCE,Bank
VMART,Auto
VMM,Auto
VOEPL,IT
VOGL,Metal
VOLTAMP,Infrastructure
VOLTAS,Auto
VRAJ,Metal
VRLLOG,Infrastructure
VSSL,Metal
VSTIND,FMCG
VSTL,Metal
VSTTILLERS,Infrastructure
VTL,Auto
WAAREEENER,IT
WAAREEINDO,IT
WAAREERTL,Infrastructure
WABAG,Infrastructure
WAKEFIT,Auto
WALCHANNAG,Infrastructure
WANBURY,Pharma
WCIL,Infrastructure
WEALTH,Bank
WEBELSOLAR,IT
WEIZMANIND,Auto
WEL,Auto
WELCORP,Metal
WELENT,Infrastructure
WELSPLSOL,Unmapped
WELSPUNLIV,Auto
WENDT,Infrastructure
WESTLIFE,Auto
WEWORK,Realty
WHEELS,Auto
WHIRLPOOL,Auto
WILLAMAGOR,Bank
WINDLAS,Pharma
WINDMACHIN,Infrastructure
WIPL,Metal
WIPRO,IT
WOCKPHARMA,Pharma
WONDERLA,Auto
WORTHPERI,Auto
WPIL,Unmapped
WSI,Infrastructure
WSTCSTPAPR,Metal
XCHANGING,IT
XELPMOC,IT
XPROINDIA,Metal
XTGLOBAL,IT
YASHO,Metal
YATHARTH,Pharma
YATRA,Auto
YESBANK,Bank
YUKEN,Infrastructure
ZAGGLE,IT
ZEEL,Media
ZEEMEDIA,Media
ZENITHEXPO,Auto
ZENITHSTL,Metal
ZENSARTECH,IT
ZENTEC,Infrastructure
ZFCVINDIA,Auto
ZFSTEERING,Auto
ZODIACLOTH,Auto
ZOTA,Pharma
ZSARACOM,Unmapped
ZUARI,Metal
ZUARIIND,Infrastructure
ZYDUSLIFE,Pharma
ZYDUSWELL,FMCG
